Row,Plaintext Size (bytes),Ciphertext Size (bytes),Ciphertext Expansion,Encryption Time (s),Addition Time (s),Decryption Time (s),Noise Before Add,Noise After Add
0,184,184,1.0,1.1682510375976562e-05,6.9141387939453125e-06,6.9141387939453125e-06,8.1089932,16.2179864
1,184,184,1.0,2.384185791015625e-06,1.9073486328125e-06,1.6689300537109375e-06,7.6569441,15.3138882
2,184,184,1.0,1.9073486328125e-06,1.430511474609375e-06,1.6689300537109375e-06,7.3947839,14.7895678
3,184,184,1.0,1.9073486328125e-06,1.1920928955078125e-06,1.430511474609375e-06,7.0280057000000005,14.056011400000001
4,184,184,1.0,2.384185791015625e-06,1.1920928955078125e-06,1.9073486328125e-06,7.1604625,14.320925
5,184,184,1.0,2.0503997802734375e-05,1.430511474609375e-06,1.1920928955078125e-06,7.1689004999999995,14.337800999999999
6,184,184,1.0,2.1457672119140625e-06,1.6689300537109375e-06,1.430511474609375e-06,8.383847900000001,16.767695800000002
7,184,184,1.0,1.9073486328125e-06,1.1920928955078125e-06,1.430511474609375e-06,8.7651105,17.530221
8,184,184,1.0,3.0994415283203125e-06,1.1920928955078125e-06,1.1920928955078125e-06,8.805783400000001,17.611566800000002
9,184,184,1.0,1.9073486328125e-06,1.1920928955078125e-06,1.430511474609375e-06,8.5457014,17.0914028
10,184,184,1.0,1.430511474609375e-06,1.1920928955078125e-06,1.1920928955078125e-06,8.7231259,17.4462518
11,184,184,1.0,1.6689300537109375e-06,1.430511474609375e-06,9.5367431640625e-07,8.5751717,17.1503434
12,184,184,1.0,1.9073486328125e-06,1.1920928955078125e-06,1.430511474609375e-06,8.0873768,16.1747536
13,184,184,1.0,1.6689300537109375e-06,9.5367431640625e-07,1.1920928955078125e-06,8.1892426,16.3784852
14,184,184,1.0,1.9073486328125e-06,1.430511474609375e-06,1.430511474609375e-06,8.2665386,16.5330772
15,184,184,1.0,1.6689300537109375e-06,1.430511474609375e-06,1.1920928955078125e-06,8.1222799,16.2445598
16,184,184,1.0,1.6689300537109375e-06,9.5367431640625e-07,9.5367431640625e-07,7.7489553,15.4979106
17,184,184,1.0,1.9073486328125e-06,1.430511474609375e-06,9.5367431640625e-07,8.348301000000001,16.696602000000002
18,184,184,1.0,1.6689300537109375e-06,9.5367431640625e-07,1.1920928955078125e-06,6.8801321,13.7602642
19,184,184,1.0,1.6689300537109375e-06,9.5367431640625e-07,1.1920928955078125e-06,8.226573,16.453146
20,184,184,1.0,1.6689300537109375e-06,1.1920928955078125e-06,1.1920928955078125e-06,8.469876900000001,16.939753800000002
21,184,184,1.0,1.1920928955078125e-06,1.1920928955078125e-06,9.5367431640625e-07,8.470673399999999,16.941346799999998
22,184,184,1.0,1.430511474609375e-06,1.1920928955078125e-06,1.1920928955078125e-06,8.5934937,17.1869874
23,184,184,1.0,1.0251998901367188e-05,1.1920928955078125e-06,1.430511474609375e-06,8.6599463,17.3198926
24,184,184,1.0,1.1920928955078125e-06,9.5367431640625e-07,1.430511474609375e-06,8.5648186,17.1296372
25,184,184,1.0,1.430511474609375e-06,1.1920928955078125e-06,9.5367431640625e-07,7.5720214,15.1440428
26,184,184,1.0,1.1920928955078125e-06,1.1920928955078125e-06,9.5367431640625e-07,8.3383491,16.6766982
27,184,184,1.0,1.430511474609375e-06,1.1920928955078125e-06,2.0503997802734375e-05,7.6459417,15.2918834
28,184,184,1.0,1.6689300537109375e-06,1.1920928955078125e-06,1.1920928955078125e-06,8.475406900000001,16.950813800000002
29,184,184,1.0,1.430511474609375e-06,2.86102294921875e-06,9.5367431640625e-07,8.321034500000001,16.642069000000003
30,184,184,1.0,1.430511474609375e-06,1.1920928955078125e-06,9.5367431640625e-07,8.2862481,16.5724962
31,184,184,1.0,1.6689300537109375e-06,1.1920928955078125e-06,9.5367431640625e-07,8.4204972,16.8409944
32,184,184,1.0,1.6689300537109375e-06,9.5367431640625e-07,1.1920928955078125e-06,6.9431598999999995,13.886319799999999
33,184,184,1.0,1.430511474609375e-06,9.5367431640625e-07,1.1920928955078125e-06,8.2343792,16.4687584
34,184,184,1.0,1.430511474609375e-06,9.5367431640625e-07,1.1920928955078125e-06,7.176966200000001,14.353932400000001
35,184,184,1.0,1.6689300537109375e-06,1.1920928955078125e-06,1.430511474609375e-06,7.9379647,15.8759294
36,184,184,1.0,1.430511474609375e-06,9.5367431640625e-07,1.430511474609375e-06,7.6934534,15.3869068
37,184,184,1.0,1.6689300537109375e-06,9.5367431640625e-07,1.430511474609375e-06,7.6669334,15.3338668
38,184,184,1.0,1.6689300537109375e-06,9.5367431640625e-07,1.430511474609375e-06,7.5340735,15.068147
39,184,184,1.0,1.430511474609375e-06,9.5367431640625e-07,1.430511474609375e-06,7.8545173,15.7090346
40,184,184,1.0,1.430511474609375e-06,1.1920928955078125e-06,9.5367431640625e-07,7.775366900000001,15.550733800000001
41,184,184,1.0,1.1920928955078125e-06,1.1920928955078125e-06,1.1920928955078125e-06,6.6702634000000005,13.340526800000001
42,184,184,1.0,1.6689300537109375e-06,9.5367431640625e-07,1.430511474609375e-06,6.690694,13.381388
43,184,184,1.0,1.6689300537109375e-06,1.430511474609375e-06,9.5367431640625e-07,6.8174926,13.6349852
44,184,184,1.0,1.430511474609375e-06,1.430511474609375e-06,1.1920928955078125e-06,7.1211059,14.2422118
45,184,184,1.0,1.430511474609375e-06,9.5367431640625e-07,9.5367431640625e-07,7.131218199999999,14.262436399999999
46,184,184,1.0,1.6689300537109375e-06,9.5367431640625e-07,1.430511474609375e-06,7.1668275999999995,14.333655199999999
47,184,184,1.0,1.9073486328125e-06,9.5367431640625e-07,1.1920928955078125e-06,7.7024667,15.4049334
48,184,184,1.0,1.430511474609375e-06,1.1920928955078125e-06,9.5367431640625e-07,7.957908699999999,15.915817399999998
49,184,184,1.0,1.430511474609375e-06,1.1920928955078125e-06,9.5367431640625e-07,7.4826747000000005,14.965349400000001
50,184,184,1.0,1.1920928955078125e-06,9.5367431640625e-07,1.1920928955078125e-06,7.5845543,15.1691086
51,184,184,1.0,1.430511474609375e-06,1.1920928955078125e-06,1.1920928955078125e-06,7.7025207,15.4050414
52,184,184,1.0,1.430511474609375e-06,9.5367431640625e-07,9.5367431640625e-07,7.275383,14.550766
53,184,184,1.0,1.9073486328125e-06,1.1920928955078125e-06,1.1920928955078125e-06,7.3047151,14.6094302
54,184,184,1.0,1.9073486328125e-06,9.5367431640625e-07,1.1920928955078125e-06,10.450313,20.900626
55,184,184,1.0,1.430511474609375e-06,1.1920928955078125e-06,1.1920928955078125e-06,7.7912171,15.5824342
56,184,184,1.0,1.9073486328125e-06,1.1920928955078125e-06,9.5367431640625e-07,8.724111500000001,17.448223000000002
57,184,184,1.0,1.430511474609375e-06,1.1920928955078125e-06,1.1920928955078125e-06,8.3033612,16.6067224
58,184,184,1.0,1.1920928955078125e-06,9.5367431640625e-07,9.5367431640625e-07,7.8313725000000005,15.662745000000001
59,184,184,1.0,1.6689300537109375e-06,1.430511474609375e-06,1.1920928955078125e-06,8.0856528,16.1713056
60,184,184,1.0,1.6689300537109375e-06,1.1920928955078125e-06,1.1920928955078125e-06,8.2985872,16.5971744
61,184,184,1.0,1.9073486328125e-06,9.5367431640625e-07,9.5367431640625e-07,8.4115921,16.8231842
62,184,184,1.0,1.6689300537109375e-06,1.430511474609375e-06,9.5367431640625e-07,8.2750477,16.5500954
63,184,184,1.0,1.6689300537109375e-06,9.5367431640625e-07,1.1920928955078125e-06,8.056324,16.112648
64,184,184,1.0,1.430511474609375e-06,1.1920928955078125e-06,1.1920928955078125e-06,7.3403251,14.6806502
65,184,184,1.0,1.9073486328125e-06,1.430511474609375e-06,9.5367431640625e-07,8.7317534,17.4635068
66,184,184,1.0,1.6689300537109375e-06,1.1920928955078125e-06,1.1920928955078125e-06,8.9155029,17.8310058
67,184,184,1.0,1.430511474609375e-06,9.5367431640625e-07,1.1920928955078125e-06,8.2502289,16.5004578
68,184,184,1.0,1.430511474609375e-06,1.1920928955078125e-06,1.1920928955078125e-06,8.4589654,16.9179308
69,184,184,1.0,1.430511474609375e-06,9.5367431640625e-07,1.1920928955078125e-06,8.3808016,16.7616032
70,184,184,1.0,1.430511474609375e-06,1.1920928955078125e-06,1.1920928955078125e-06,7.482655600000001,14.965311200000002
71,184,184,1.0,1.6689300537109375e-06,9.5367431640625e-07,1.1920928955078125e-06,7.551500600000001,15.103001200000001
72,184,184,1.0,3.0994415283203125e-06,1.1920928955078125e-06,9.5367431640625e-07,7.5509694000000005,15.101938800000001
73,184,184,1.0,1.6689300537109375e-06,9.5367431640625e-07,1.430511474609375e-06,7.4206069,14.8412138
74,184,184,1.0,1.9073486328125e-06,9.5367431640625e-07,1.1920928955078125e-06,8.5327046,17.0654092
75,184,184,1.0,1.1920928955078125e-06,9.5367431640625e-07,9.5367431640625e-07,8.8302072,17.6604144
76,184,184,1.0,9.5367431640625e-07,9.5367431640625e-07,1.1920928955078125e-06,9.0552973,18.1105946
77,184,184,1.0,1.9073486328125e-06,9.5367431640625e-07,1.430511474609375e-06,8.8831457,17.7662914
78,184,184,1.0,1.9073486328125e-06,1.1920928955078125e-06,9.5367431640625e-07,8.9870956,17.9741912
79,184,184,1.0,1.430511474609375e-06,9.5367431640625e-07,1.1920928955078125e-06,8.8718747,17.7437494
80,184,184,1.0,1.6689300537109375e-06,9.5367431640625e-07,1.430511474609375e-06,7.8214483,15.6428966
81,184,184,1.0,1.430511474609375e-06,1.1920928955078125e-06,9.5367431640625e-07,8.1960032,16.3920064
82,184,184,1.0,1.6689300537109375e-06,1.1920928955078125e-06,9.5367431640625e-07,7.8184529,15.6369058
83,184,184,1.0,1.430511474609375e-06,1.430511474609375e-06,1.1920928955078125e-06,7.9073921,15.8147842
84,184,184,1.0,1.430511474609375e-06,9.5367431640625e-07,9.5367431640625e-07,7.3917799,14.7835598
85,184,184,1.0,1.430511474609375e-06,9.5367431640625e-07,9.5367431640625e-07,7.394940500000001,14.789881000000001
86,184,184,1.0,1.430511474609375e-06,9.5367431640625e-07,1.430511474609375e-06,7.378830800000001,14.757661600000002
87,184,184,1.0,1.430511474609375e-06,1.430511474609375e-06,9.5367431640625e-07,7.4376910999999994,14.875382199999999
88,184,184,1.0,1.430511474609375e-06,1.1920928955078125e-06,1.1920928955078125e-06,7.928843,15.857686
89,184,184,1.0,1.430511474609375e-06,1.1920928955078125e-06,9.5367431640625e-07,7.6910552,15.3821104
90,184,184,1.0,1.6689300537109375e-06,1.1920928955078125e-06,1.430511474609375e-06,7.7034514000000005,15.406902800000001
91,184,184,1.0,1.1920928955078125e-06,1.1920928955078125e-06,9.5367431640625e-07,7.788854200000001,15.577708400000002
92,184,184,1.0,1.430511474609375e-06,9.5367431640625e-07,1.430511474609375e-06,8.0262393,16.0524786
93,184,184,1.0,3.0994415283203125e-06,1.1920928955078125e-06,1.1920928955078125e-06,7.770496499999999,15.540992999999999
94,184,184,1.0,1.430511474609375e-06,9.5367431640625e-07,1.430511474609375e-06,8.3040094,16.6080188
95,184,184,1.0,1.6689300537109375e-06,1.1920928955078125e-06,9.5367431640625e-07,7.320072400000001,14.640144800000002
96,184,184,1.0,1.6689300537109375e-06,1.1920928955078125e-06,1.1920928955078125e-06,7.8187824,15.6375648
97,184,184,1.0,1.6689300537109375e-06,9.5367431640625e-07,1.1920928955078125e-06,7.8813003,15.7626006
98,184,184,1.0,1.9073486328125e-06,1.1920928955078125e-06,9.5367431640625e-07,7.447320700000001,14.894641400000001
99,184,184,1.0,1.430511474609375e-06,9.5367431640625e-07,1.430511474609375e-06,7.759048000000001,15.518096000000002
100,184,184,1.0,1.430511474609375e-06,9.5367431640625e-07,9.5367431640625e-07,9.1271346,18.2542692
101,184,184,1.0,1.430511474609375e-06,1.1920928955078125e-06,1.430511474609375e-06,9.0328142,18.0656284
102,184,184,1.0,1.430511474609375e-06,1.1920928955078125e-06,1.1920928955078125e-06,5.9515846,11.9031692
103,184,184,1.0,1.430511474609375e-06,9.5367431640625e-07,1.1920928955078125e-06,9.2335331,18.4670662
104,184,184,1.0,1.6689300537109375e-06,9.5367431640625e-07,1.1920928955078125e-06,9.227276000000002,18.454552000000003
105,184,184,1.0,1.9073486328125e-06,9.5367431640625e-07,9.5367431640625e-07,9.3429052,18.6858104
106,184,184,1.0,1.9073486328125e-06,1.1920928955078125e-06,9.5367431640625e-07,9.334282,18.668564
107,184,184,1.0,1.6689300537109375e-06,9.5367431640625e-07,1.430511474609375e-06,9.1434057,18.2868114
108,184,184,1.0,1.9073486328125e-06,9.5367431640625e-07,1.430511474609375e-06,9.3262492,18.6524984
109,184,184,1.0,1.6689300537109375e-06,1.1920928955078125e-06,1.1920928955078125e-06,9.259977300000001,18.519954600000002
110,184,184,1.0,1.9073486328125e-06,1.430511474609375e-06,1.1920928955078125e-06,8.8895073,17.7790146
111,184,184,1.0,1.9073486328125e-06,1.1920928955078125e-06,1.430511474609375e-06,9.6320034,19.2640068
112,184,184,1.0,1.1920928955078125e-06,9.5367431640625e-07,9.5367431640625e-07,9.7880669,19.5761338
113,184,184,1.0,1.6689300537109375e-06,1.1920928955078125e-06,1.1920928955078125e-06,9.8460912,19.6921824
114,184,184,1.0,1.9073486328125e-06,2.384185791015625e-06,1.1920928955078125e-06,9.5839981,19.1679962
115,184,184,1.0,1.430511474609375e-06,9.5367431640625e-07,1.430511474609375e-06,9.2378944,18.4757888
116,184,184,1.0,1.9073486328125e-06,9.5367431640625e-07,1.1920928955078125e-06,9.532346800000001,19.064693600000002
117,184,184,1.0,1.6689300537109375e-06,1.1920928955078125e-06,9.5367431640625e-07,9.6268638,19.2537276
118,184,184,1.0,1.6689300537109375e-06,1.1920928955078125e-06,9.5367431640625e-07,9.0193708,18.0387416
119,184,184,1.0,1.6689300537109375e-06,9.5367431640625e-07,1.430511474609375e-06,9.453019600000001,18.906039200000002
120,184,184,1.0,1.9073486328125e-06,1.1920928955078125e-06,9.5367431640625e-07,7.1674769000000005,14.334953800000001
121,184,184,1.0,1.6689300537109375e-06,9.5367431640625e-07,1.430511474609375e-06,7.1964405000000005,14.392881000000001
122,184,184,1.0,1.6689300537109375e-06,9.5367431640625e-07,1.1920928955078125e-06,7.3239189,14.6478378
123,184,184,1.0,1.430511474609375e-06,1.1920928955078125e-06,1.1920928955078125e-06,7.3600178000000005,14.720035600000001
124,184,184,1.0,1.430511474609375e-06,1.1920928955078125e-06,1.430511474609375e-06,7.3607479,14.7214958
125,184,184,1.0,1.430511474609375e-06,9.5367431640625e-07,1.1920928955078125e-06,7.317089200000001,14.634178400000001
126,184,184,1.0,1.430511474609375e-06,1.1920928955078125e-06,1.430511474609375e-06,7.252385500000001,14.504771000000002
127,184,184,1.0,1.1920928955078125e-06,1.1920928955078125e-06,1.6689300537109375e-06,9.9775445,19.955089
128,184,184,1.0,1.9073486328125e-06,9.5367431640625e-07,1.430511474609375e-06,10.0437293,20.0874586
129,184,184,1.0,1.6689300537109375e-06,9.5367431640625e-07,1.430511474609375e-06,10.0315215,20.063043
130,184,184,1.0,1.6689300537109375e-06,9.5367431640625e-07,9.5367431640625e-07,10.001705600000001,20.003411200000002
131,184,184,1.0,1.430511474609375e-06,1.1920928955078125e-06,1.1920928955078125e-06,10.0136394,20.0272788
132,184,184,1.0,1.430511474609375e-06,7.152557373046875e-07,1.6689300537109375e-06,9.8878345,19.775669
133,184,184,1.0,1.6689300537109375e-06,1.1920928955078125e-06,1.430511474609375e-06,9.9245572,19.8491144
134,184,184,1.0,1.6689300537109375e-06,1.1920928955078125e-06,1.1920928955078125e-06,8.722631699999999,17.445263399999998
135,184,184,1.0,1.6689300537109375e-06,9.5367431640625e-07,1.430511474609375e-06,10.035474800000001,20.070949600000002
136,184,184,1.0,1.9073486328125e-06,1.1920928955078125e-06,1.1920928955078125e-06,9.8159554,19.6319108
137,184,184,1.0,1.430511474609375e-06,9.5367431640625e-07,1.1920928955078125e-06,10.0044013,20.0088026
138,184,184,1.0,1.430511474609375e-06,9.5367431640625e-07,1.1920928955078125e-06,10.040494,20.080988
139,184,184,1.0,2.6226043701171875e-06,1.9073486328125e-06,1.9073486328125e-06,10.0633822,20.1267644
140,184,184,1.0,1.430511474609375e-06,2.002716064453125e-05,1.430511474609375e-06,9.986308000000001,19.972616000000002
141,184,184,1.0,1.6689300537109375e-06,1.430511474609375e-06,1.430511474609375e-06,10.2411104,20.4822208
142,184,184,1.0,1.6689300537109375e-06,1.430511474609375e-06,1.430511474609375e-06,9.7791665,19.558333
143,184,184,1.0,1.6689300537109375e-06,9.5367431640625e-07,1.1920928955078125e-06,9.774481999999999,19.548963999999998
144,184,184,1.0,1.6689300537109375e-06,1.430511474609375e-06,1.1920928955078125e-06,9.7616964,19.5233928
145,184,184,1.0,1.1920928955078125e-06,1.1920928955078125e-06,1.1920928955078125e-06,7.5378944,15.0757888
146,184,184,1.0,1.6689300537109375e-06,9.5367431640625e-07,1.430511474609375e-06,7.3837065,14.767413
147,184,184,1.0,1.6689300537109375e-06,7.152557373046875e-07,9.5367431640625e-07,9.6884642,19.3769284
148,184,184,1.0,1.430511474609375e-06,1.1920928955078125e-06,1.1920928955078125e-06,9.3130759,18.6261518
149,184,184,1.0,1.430511474609375e-06,1.1920928955078125e-06,1.1920928955078125e-06,9.2120767,18.4241534
150,184,184,1.0,1.9073486328125e-06,1.1920928955078125e-06,1.1920928955078125e-06,9.367476,18.734952
151,184,184,1.0,1.430511474609375e-06,9.5367431640625e-07,1.1920928955078125e-06,9.065229200000001,18.130458400000002
152,184,184,1.0,1.430511474609375e-06,9.5367431640625e-07,9.5367431640625e-07,8.9529978,17.9059956
153,184,184,1.0,1.9073486328125e-06,9.5367431640625e-07,1.430511474609375e-06,8.2887238,16.5774476
154,184,184,1.0,1.6689300537109375e-06,9.5367431640625e-07,1.1920928955078125e-06,8.8558325,17.711665
155,184,184,1.0,1.430511474609375e-06,1.1920928955078125e-06,1.1920928955078125e-06,6.4121351,12.8242702
156,184,184,1.0,1.430511474609375e-06,9.5367431640625e-07,1.6689300537109375e-06,6.5137608,13.0275216
157,184,184,1.0,3.814697265625e-06,1.430511474609375e-06,1.1920928955078125e-06,9.183488800000001,18.366977600000002
158,184,184,1.0,1.6689300537109375e-06,1.1920928955078125e-06,1.1920928955078125e-06,9.1237114,18.2474228
159,184,184,1.0,1.430511474609375e-06,1.1920928955078125e-06,9.5367431640625e-07,9.2455192,18.4910384
160,184,184,1.0,1.9073486328125e-06,9.5367431640625e-07,1.430511474609375e-06,8.9022686,17.8045372
161,184,184,1.0,1.6689300537109375e-06,1.1920928955078125e-06,1.1920928955078125e-06,9.2076826,18.4153652
162,184,184,1.0,1.6689300537109375e-06,9.5367431640625e-07,1.1920928955078125e-06,9.452914700000001,18.905829400000002
163,184,184,1.0,1.1920928955078125e-06,9.5367431640625e-07,1.1920928955078125e-06,9.4161102,18.8322204
164,184,184,1.0,1.6689300537109375e-06,1.1920928955078125e-06,1.1920928955078125e-06,9.5195336,19.0390672
165,184,184,1.0,1.430511474609375e-06,1.1920928955078125e-06,1.430511474609375e-06,7.971634000000001,15.943268000000002
166,184,184,1.0,1.430511474609375e-06,9.5367431640625e-07,1.430511474609375e-06,9.2407009,18.4814018
167,184,184,1.0,1.430511474609375e-06,1.1920928955078125e-06,1.1920928955078125e-06,7.7193818,15.4387636
168,184,184,1.0,1.430511474609375e-06,1.1920928955078125e-06,1.430511474609375e-06,8.578944,17.157888
169,184,184,1.0,1.6689300537109375e-06,1.1920928955078125e-06,1.1920928955078125e-06,8.9055903,17.8111806
170,184,184,1.0,1.6689300537109375e-06,1.1920928955078125e-06,1.1920928955078125e-06,8.537133200000001,17.074266400000003
171,184,184,1.0,1.430511474609375e-06,9.5367431640625e-07,1.430511474609375e-06,9.109276,18.218552
172,184,184,1.0,1.6689300537109375e-06,9.5367431640625e-07,1.1920928955078125e-06,8.305572399999999,16.611144799999998
173,184,184,1.0,1.6689300537109375e-06,9.5367431640625e-07,1.430511474609375e-06,8.1995408,16.3990816
174,184,184,1.0,1.6689300537109375e-06,1.1920928955078125e-06,1.1920928955078125e-06,8.0237537,16.0475074
175,184,184,1.0,1.430511474609375e-06,9.5367431640625e-07,1.1920928955078125e-06,7.6129494,15.2258988
176,184,184,1.0,1.9073486328125e-06,7.152557373046875e-07,1.6689300537109375e-06,7.823451200000001,15.646902400000002
177,184,184,1.0,1.430511474609375e-06,9.5367431640625e-07,3.0994415283203125e-06,8.071367500000001,16.142735000000002
178,184,184,1.0,2.6226043701171875e-06,9.5367431640625e-07,1.1920928955078125e-06,8.0459172,16.0918344
179,184,184,1.0,1.430511474609375e-06,9.5367431640625e-07,1.1920928955078125e-06,6.869548,13.739096
180,184,184,1.0,1.430511474609375e-06,1.1920928955078125e-06,1.1920928955078125e-06,7.1373988,14.2747976
181,184,184,1.0,1.9073486328125e-06,9.5367431640625e-07,1.430511474609375e-06,6.9410878,13.8821756
182,184,184,1.0,1.9073486328125e-06,1.430511474609375e-06,1.430511474609375e-06,7.178346300000001,14.356692600000002
183,184,184,1.0,1.9073486328125e-06,1.1920928955078125e-06,1.430511474609375e-06,7.2443808,14.4887616
184,184,184,1.0,1.6689300537109375e-06,1.1920928955078125e-06,1.430511474609375e-06,7.2020298,14.4040596
185,184,184,1.0,1.430511474609375e-06,1.1920928955078125e-06,1.6689300537109375e-06,6.953011699999999,13.906023399999999
186,184,184,1.0,1.6689300537109375e-06,1.1920928955078125e-06,1.430511474609375e-06,6.7851422,13.5702844
187,184,184,1.0,1.430511474609375e-06,1.5497207641601562e-05,9.5367431640625e-07,9.193763500000001,18.387527000000002
188,184,184,1.0,1.9073486328125e-06,1.1920928955078125e-06,1.1920928955078125e-06,8.9482549,17.8965098
189,184,184,1.0,1.430511474609375e-06,1.1920928955078125e-06,1.1920928955078125e-06,9.201024,18.402048
190,184,184,1.0,1.430511474609375e-06,1.1920928955078125e-06,1.1920928955078125e-06,8.8487848,17.6975696
191,184,184,1.0,1.6689300537109375e-06,9.5367431640625e-07,1.1920928955078125e-06,9.0556491,18.1112982
192,184,184,1.0,1.430511474609375e-06,1.1920928955078125e-06,9.5367431640625e-07,9.0048144,18.0096288
193,184,184,1.0,1.1920928955078125e-06,1.1920928955078125e-06,9.5367431640625e-07,7.6627247,15.3254494
194,184,184,1.0,1.6689300537109375e-06,1.1920928955078125e-06,1.1920928955078125e-06,7.5764899,15.1529798
195,184,184,1.0,1.1920928955078125e-06,1.430511474609375e-06,1.1920928955078125e-06,7.9701921,15.9403842
196,184,184,1.0,1.430511474609375e-06,9.5367431640625e-07,1.1920928955078125e-06,8.7524011,17.5048022
197,184,184,1.0,1.6689300537109375e-06,9.5367431640625e-07,1.430511474609375e-06,8.3950666,16.7901332
198,184,184,1.0,1.6689300537109375e-06,1.430511474609375e-06,1.1920928955078125e-06,8.7726468,17.5452936
199,184,184,1.0,1.9073486328125e-06,2.6226043701171875e-06,1.430511474609375e-06,9.502929,19.005858
200,184,184,1.0,1.6689300537109375e-06,1.1920928955078125e-06,1.1920928955078125e-06,9.3632918,18.7265836
201,184,184,1.0,1.6689300537109375e-06,9.5367431640625e-07,9.5367431640625e-07,9.0171145,18.034229
202,184,184,1.0,1.9073486328125e-06,1.1920928955078125e-06,1.1920928955078125e-06,8.7773677,17.5547354
203,184,184,1.0,1.6689300537109375e-06,1.1920928955078125e-06,9.5367431640625e-07,7.835921999999999,15.671843999999998
204,184,184,1.0,1.6689300537109375e-06,9.5367431640625e-07,1.1920928955078125e-06,7.7929819,15.5859638
205,184,184,1.0,1.6689300537109375e-06,1.1920928955078125e-06,1.1920928955078125e-06,7.5072182,15.0144364
206,184,184,1.0,1.6689300537109375e-06,9.5367431640625e-07,1.1920928955078125e-06,7.7992959,15.5985918
207,184,184,1.0,1.6689300537109375e-06,1.1920928955078125e-06,1.1920928955078125e-06,8.0125889,16.0251778
208,184,184,1.0,1.430511474609375e-06,9.5367431640625e-07,1.1920928955078125e-06,7.7719807,15.5439614
209,184,184,1.0,1.430511474609375e-06,1.1920928955078125e-06,9.5367431640625e-07,8.4132371,16.8264742
210,184,184,1.0,1.6689300537109375e-06,1.430511474609375e-06,1.1920928955078125e-06,8.2431056,16.4862112
211,184,184,1.0,1.9073486328125e-06,1.1920928955078125e-06,1.430511474609375e-06,8.2894378,16.5788756
212,184,184,1.0,1.9073486328125e-06,1.430511474609375e-06,1.1920928955078125e-06,7.821257900000001,15.642515800000002
213,184,184,1.0,1.6689300537109375e-06,1.430511474609375e-06,9.5367431640625e-07,7.4862991999999995,14.972598399999999
214,184,184,1.0,1.6689300537109375e-06,1.1920928955078125e-06,1.1920928955078125e-06,7.082480500000001,14.164961000000002
215,184,184,1.0,1.6689300537109375e-06,9.5367431640625e-07,1.1920928955078125e-06,7.6650442,15.3300884
216,184,184,1.0,1.1920928955078125e-06,1.1920928955078125e-06,1.1920928955078125e-06,7.841957,15.683914
217,184,184,1.0,1.6689300537109375e-06,1.1920928955078125e-06,9.5367431640625e-07,8.0954323,16.1908646
218,184,184,1.0,1.1920928955078125e-06,9.5367431640625e-07,1.430511474609375e-06,8.3041099,16.6082198
219,184,184,1.0,1.430511474609375e-06,9.5367431640625e-07,1.1920928955078125e-06,8.193305500000001,16.386611000000002
220,184,184,1.0,1.6689300537109375e-06,1.1920928955078125e-06,1.1920928955078125e-06,8.401877899999999,16.803755799999998
221,184,184,1.0,1.6689300537109375e-06,9.5367431640625e-07,1.1920928955078125e-06,8.5772671,17.1545342
222,184,184,1.0,1.9073486328125e-06,9.5367431640625e-07,1.1920928955078125e-06,8.2890166,16.5780332
223,184,184,1.0,1.1920928955078125e-06,1.1920928955078125e-06,1.1920928955078125e-06,8.349118,16.698236
224,184,184,1.0,1.1920928955078125e-06,1.1920928955078125e-06,1.1920928955078125e-06,8.1806973,16.3613946
225,184,184,1.0,1.430511474609375e-06,9.5367431640625e-07,1.430511474609375e-06,8.2088033,16.4176066
226,184,184,1.0,1.6689300537109375e-06,1.1920928955078125e-06,1.1920928955078125e-06,8.2775184,16.5550368
227,184,184,1.0,1.430511474609375e-06,7.152557373046875e-07,1.1920928955078125e-06,8.0823508,16.1647016
228,184,184,1.0,1.6689300537109375e-06,1.1920928955078125e-06,1.1920928955078125e-06,7.4889329,14.9778658
229,184,184,1.0,1.430511474609375e-06,1.1920928955078125e-06,1.1920928955078125e-06,7.5497288,15.0994576
230,184,184,1.0,1.9073486328125e-06,9.5367431640625e-07,1.430511474609375e-06,8.073935,16.14787
231,184,184,1.0,1.430511474609375e-06,9.5367431640625e-07,9.5367431640625e-07,8.0894046,16.1788092
232,184,184,1.0,1.430511474609375e-06,1.1920928955078125e-06,1.1920928955078125e-06,8.1353769,16.2707538
233,184,184,1.0,1.6689300537109375e-06,9.5367431640625e-07,1.1920928955078125e-06,8.0463737,16.0927474
234,184,184,1.0,1.430511474609375e-06,1.1920928955078125e-06,1.1920928955078125e-06,7.8568281,15.7136562
235,184,184,1.0,1.6689300537109375e-06,9.5367431640625e-07,1.1920928955078125e-06,7.9830535,15.966107
236,184,184,1.0,1.6689300537109375e-06,9.5367431640625e-07,1.430511474609375e-06,8.2589658,16.5179316
237,184,184,1.0,1.6689300537109375e-06,1.1920928955078125e-06,1.430511474609375e-06,8.1752483,16.3504966
238,184,184,1.0,1.9073486328125e-06,9.5367431640625e-07,1.430511474609375e-06,7.749813400000001,15.499626800000001
239,184,184,1.0,1.6689300537109375e-06,1.1920928955078125e-06,1.1920928955078125e-06,8.0419642,16.0839284
240,184,184,1.0,1.1920928955078125e-06,1.1920928955078125e-06,1.1920928955078125e-06,8.282343899999999,16.564687799999998
241,184,184,1.0,1.6689300537109375e-06,9.5367431640625e-07,1.430511474609375e-06,8.4261522,16.8523044
242,184,184,1.0,3.0994415283203125e-06,1.1920928955078125e-06,1.1920928955078125e-06,8.083244,16.166488
243,184,184,1.0,1.6689300537109375e-06,9.5367431640625e-07,9.5367431640625e-07,7.5921407,15.1842814
244,184,184,1.0,1.9073486328125e-06,9.5367431640625e-07,9.5367431640625e-07,8.5963498,17.1926996
245,184,184,1.0,1.9073486328125e-06,1.1920928955078125e-06,1.1920928955078125e-06,8.759322300000001,17.518644600000002
246,184,184,1.0,1.430511474609375e-06,1.430511474609375e-06,1.1920928955078125e-06,8.3313433,16.6626866
247,184,184,1.0,1.6689300537109375e-06,9.5367431640625e-07,9.5367431640625e-07,8.6435907,17.2871814
248,184,184,1.0,1.6689300537109375e-06,1.1920928955078125e-06,1.1920928955078125e-06,8.3214489,16.6428978
249,184,184,1.0,1.9073486328125e-06,1.1920928955078125e-06,1.1920928955078125e-06,8.1692623,16.3385246
250,184,184,1.0,1.430511474609375e-06,7.152557373046875e-07,1.430511474609375e-06,8.135950000000001,16.271900000000002
251,184,184,1.0,1.430511474609375e-06,9.5367431640625e-07,1.430511474609375e-06,7.8799979,15.7599958
252,184,184,1.0,1.9073486328125e-06,9.5367431640625e-07,1.1920928955078125e-06,7.9675690999999995,15.935138199999999
253,184,184,1.0,1.430511474609375e-06,1.1920928955078125e-06,1.1920928955078125e-06,8.1076564,16.2153128
254,184,184,1.0,1.9073486328125e-06,1.1920928955078125e-06,1.1920928955078125e-06,8.6326849,17.2653698
255,184,184,1.0,3.337860107421875e-06,1.1920928955078125e-06,1.1920928955078125e-06,8.5509378,17.1018756
256,184,184,1.0,1.6689300537109375e-06,9.5367431640625e-07,9.5367431640625e-07,7.9449948,15.8899896
257,184,184,1.0,1.1920928955078125e-06,1.1920928955078125e-06,1.1920928955078125e-06,7.9945354,15.9890708
258,184,184,1.0,1.6689300537109375e-06,1.1920928955078125e-06,1.1920928955078125e-06,8.0758811,16.1517622
259,184,184,1.0,1.430511474609375e-06,9.5367431640625e-07,1.1920928955078125e-06,8.149563500000001,16.299127000000002
260,184,184,1.0,1.9073486328125e-06,9.5367431640625e-07,1.430511474609375e-06,8.0066221,16.0132442
261,184,184,1.0,1.6689300537109375e-06,9.5367431640625e-07,1.430511474609375e-06,8.0184092,16.0368184
262,184,184,1.0,2.86102294921875e-06,1.1920928955078125e-06,1.1920928955078125e-06,8.0209364,16.0418728
263,184,184,1.0,1.6689300537109375e-06,1.1920928955078125e-06,1.430511474609375e-06,8.1601806,16.3203612
264,184,184,1.0,1.9073486328125e-06,1.430511474609375e-06,9.5367431640625e-07,8.0389317,16.0778634
265,184,184,1.0,1.1920928955078125e-06,1.1920928955078125e-06,1.1920928955078125e-06,7.8057512,15.6115024
266,184,184,1.0,2.1457672119140625e-06,9.5367431640625e-07,1.430511474609375e-06,8.000096,16.000192
267,184,184,1.0,1.430511474609375e-06,9.5367431640625e-07,9.5367431640625e-07,7.7682194,15.5364388
268,184,184,1.0,1.6689300537109375e-06,9.5367431640625e-07,1.1920928955078125e-06,7.634875000000001,15.269750000000002
269,184,184,1.0,1.430511474609375e-06,1.1920928955078125e-06,1.6689300537109375e-06,7.4944215,14.988843
270,184,184,1.0,1.9073486328125e-06,1.430511474609375e-06,1.1920928955078125e-06,7.2635816,14.5271632
271,184,184,1.0,1.6689300537109375e-06,1.1920928955078125e-06,9.5367431640625e-07,7.026451099999999,14.052902199999998
272,184,184,1.0,1.6689300537109375e-06,9.5367431640625e-07,1.1920928955078125e-06,7.439841,14.879682
273,184,184,1.0,1.430511474609375e-06,1.430511474609375e-06,9.5367431640625e-07,7.3445338,14.6890676
274,184,184,1.0,1.430511474609375e-06,1.1920928955078125e-06,9.5367431640625e-07,7.6767904,15.3535808
275,184,184,1.0,1.9073486328125e-06,9.5367431640625e-07,1.430511474609375e-06,7.7635434,15.5270868
276,184,184,1.0,1.6689300537109375e-06,9.5367431640625e-07,1.1920928955078125e-06,7.7991589,15.5983178
277,184,184,1.0,1.6689300537109375e-06,9.5367431640625e-07,1.430511474609375e-06,7.6041707,15.2083414
278,184,184,1.0,1.6689300537109375e-06,9.5367431640625e-07,9.5367431640625e-07,7.6934908,15.3869816
279,184,184,1.0,1.9073486328125e-06,1.430511474609375e-06,9.5367431640625e-07,7.0474598,14.0949196
280,184,184,1.0,1.430511474609375e-06,2.6226043701171875e-06,9.5367431640625e-07,7.2779338,14.5558676
281,184,184,1.0,2.1457672119140625e-06,9.5367431640625e-07,1.430511474609375e-06,7.059426500000001,14.118853000000001
282,184,184,1.0,1.9073486328125e-06,1.1920928955078125e-06,9.5367431640625e-07,7.0337109,14.0674218
283,184,184,1.0,1.430511474609375e-06,1.1920928955078125e-06,1.1920928955078125e-06,7.4251401,14.8502802
284,184,184,1.0,1.430511474609375e-06,9.5367431640625e-07,9.5367431640625e-07,8.3244436,16.6488872
285,184,184,1.0,1.1920928955078125e-06,1.1920928955078125e-06,1.1920928955078125e-06,8.2256026,16.4512052
286,184,184,1.0,1.6689300537109375e-06,1.430511474609375e-06,9.5367431640625e-07,7.4371385,14.874277
287,184,184,1.0,1.430511474609375e-06,9.5367431640625e-07,1.1920928955078125e-06,8.2272991,16.4545982
288,184,184,1.0,1.430511474609375e-06,1.1920928955078125e-06,1.1920928955078125e-06,8.376031,16.752062
289,184,184,1.0,1.6689300537109375e-06,1.1920928955078125e-06,1.1920928955078125e-06,7.9188017,15.8376034
290,184,184,1.0,1.9073486328125e-06,9.5367431640625e-07,1.430511474609375e-06,7.9370372,15.8740744
291,184,184,1.0,1.9073486328125e-06,9.5367431640625e-07,1.430511474609375e-06,7.940645600000001,15.881291200000001
292,184,184,1.0,1.430511474609375e-06,1.430511474609375e-06,9.5367431640625e-07,7.9034385,15.806877
293,184,184,1.0,2.86102294921875e-06,9.5367431640625e-07,1.6689300537109375e-06,7.5894935,15.178987
294,184,184,1.0,1.9073486328125e-06,9.5367431640625e-07,1.430511474609375e-06,7.8455069,15.6910138
295,184,184,1.0,1.430511474609375e-06,9.5367431640625e-07,1.430511474609375e-06,7.7039472,15.4078944
296,184,184,1.0,1.9073486328125e-06,1.1920928955078125e-06,1.1920928955078125e-06,7.871601200000001,15.743202400000001
297,184,184,1.0,1.430511474609375e-06,1.1920928955078125e-06,1.430511474609375e-06,8.0634803,16.1269606
298,184,184,1.0,1.1920928955078125e-06,1.1920928955078125e-06,9.5367431640625e-07,8.5798746,17.1597492
299,184,184,1.0,1.6689300537109375e-06,9.5367431640625e-07,1.430511474609375e-06,8.5168441,17.0336882
300,184,184,1.0,1.9073486328125e-06,9.5367431640625e-07,1.1920928955078125e-06,9.0951297,18.1902594
301,184,184,1.0,1.430511474609375e-06,9.5367431640625e-07,9.5367431640625e-07,8.5039007,17.0078014
302,184,184,1.0,1.6689300537109375e-06,9.5367431640625e-07,1.430511474609375e-06,8.1538236,16.3076472
303,184,184,1.0,1.9073486328125e-06,1.430511474609375e-06,9.5367431640625e-07,8.181867,16.363734
304,184,184,1.0,1.6689300537109375e-06,9.5367431640625e-07,9.5367431640625e-07,7.3607515,14.721503
305,184,184,1.0,1.9073486328125e-06,9.5367431640625e-07,1.430511474609375e-06,7.534827900000001,15.069655800000001
306,184,184,1.0,1.6689300537109375e-06,1.1920928955078125e-06,1.1920928955078125e-06,7.6891623,15.3783246
307,184,184,1.0,1.6689300537109375e-06,9.5367431640625e-07,1.430511474609375e-06,7.678630200000001,15.357260400000001
308,184,184,1.0,1.9073486328125e-06,1.1920928955078125e-06,1.1920928955078125e-06,8.3122948,16.6245896
309,184,184,1.0,1.430511474609375e-06,9.5367431640625e-07,1.1920928955078125e-06,8.291779,16.583558
310,184,184,1.0,1.6689300537109375e-06,1.1920928955078125e-06,1.1920928955078125e-06,7.4786188,14.9572376
311,184,184,1.0,1.9073486328125e-06,9.5367431640625e-07,1.430511474609375e-06,8.020767099999999,16.041534199999997
312,184,184,1.0,1.6689300537109375e-06,1.1920928955078125e-06,9.5367431640625e-07,8.443826900000001,16.887653800000002
313,184,184,1.0,1.6689300537109375e-06,9.5367431640625e-07,1.430511474609375e-06,8.3073218,16.6146436
314,184,184,1.0,1.6689300537109375e-06,1.1920928955078125e-06,1.1920928955078125e-06,8.396525,16.79305
315,184,184,1.0,1.430511474609375e-06,1.430511474609375e-06,3.0994415283203125e-06,8.3236756,16.6473512
316,184,184,1.0,1.430511474609375e-06,1.1920928955078125e-06,1.1920928955078125e-06,8.3930487,16.7860974
317,184,184,1.0,1.9073486328125e-06,1.1920928955078125e-06,1.6689300537109375e-06,8.3144292,16.6288584
318,184,184,1.0,1.6689300537109375e-06,1.1920928955078125e-06,1.1920928955078125e-06,8.1993052,16.3986104
319,184,184,1.0,1.6689300537109375e-06,9.5367431640625e-07,1.1920928955078125e-06,8.1519437,16.3038874
320,184,184,1.0,1.430511474609375e-06,1.1920928955078125e-06,9.5367431640625e-07,7.870069999999999,15.740139999999998
321,184,184,1.0,1.6689300537109375e-06,1.1920928955078125e-06,1.1920928955078125e-06,7.8864099,15.7728198
322,184,184,1.0,1.430511474609375e-06,9.5367431640625e-07,9.5367431640625e-07,7.8508624,15.7017248
323,184,184,1.0,1.1920928955078125e-06,1.1920928955078125e-06,1.1920928955078125e-06,8.0735602,16.1471204
324,184,184,1.0,1.6689300537109375e-06,1.1920928955078125e-06,1.1920928955078125e-06,7.7407019,15.4814038
325,184,184,1.0,1.6689300537109375e-06,9.5367431640625e-07,1.1920928955078125e-06,7.4497176000000005,14.899435200000001
326,184,184,1.0,1.430511474609375e-06,9.5367431640625e-07,1.1920928955078125e-06,7.634543699999999,15.269087399999998
327,184,184,1.0,1.6689300537109375e-06,9.5367431640625e-07,1.1920928955078125e-06,7.8460293000000005,15.692058600000001
328,184,184,1.0,1.430511474609375e-06,9.5367431640625e-07,9.5367431640625e-07,8.8395877,17.6791754
329,184,184,1.0,1.1920928955078125e-06,1.1920928955078125e-06,1.1920928955078125e-06,8.6596484,17.3192968
330,184,184,1.0,1.6689300537109375e-06,1.1920928955078125e-06,1.1920928955078125e-06,8.7652304,17.5304608
331,184,184,1.0,1.6689300537109375e-06,1.1920928955078125e-06,1.1920928955078125e-06,8.1064483,16.2128966
332,184,184,1.0,1.430511474609375e-06,9.5367431640625e-07,1.1920928955078125e-06,7.694842599999999,15.389685199999999
333,184,184,1.0,1.430511474609375e-06,9.5367431640625e-07,1.1920928955078125e-06,7.0122023,14.0244046
334,184,184,1.0,1.430511474609375e-06,1.1920928955078125e-06,1.1920928955078125e-06,7.0236078,14.0472156
335,184,184,1.0,1.9073486328125e-06,9.5367431640625e-07,1.430511474609375e-06,7.0637691,14.1275382
336,184,184,1.0,1.430511474609375e-06,1.1920928955078125e-06,9.5367431640625e-07,7.1903936999999996,14.380787399999999
337,184,184,1.0,1.430511474609375e-06,1.1920928955078125e-06,1.1920928955078125e-06,7.3141541,14.6283082
338,184,184,1.0,1.9073486328125e-06,9.5367431640625e-07,1.430511474609375e-06,7.077592599999999,14.155185199999998
339,184,184,1.0,1.6689300537109375e-06,9.5367431640625e-07,1.1920928955078125e-06,7.1779717,14.3559434
340,184,184,1.0,1.6689300537109375e-06,9.5367431640625e-07,1.1920928955078125e-06,7.3043670999999994,14.608734199999999
341,184,184,1.0,3.337860107421875e-06,1.430511474609375e-06,1.1920928955078125e-06,8.0128391,16.0256782
342,184,184,1.0,1.6689300537109375e-06,9.5367431640625e-07,1.1920928955078125e-06,9.1244988,18.2489976
343,184,184,1.0,1.1920928955078125e-06,9.5367431640625e-07,1.1920928955078125e-06,9.2479753,18.4959506
344,184,184,1.0,1.9073486328125e-06,9.5367431640625e-07,1.430511474609375e-06,8.859138900000001,17.718277800000003
345,184,184,1.0,1.9073486328125e-06,1.1920928955078125e-06,1.1920928955078125e-06,8.3736073,16.7472146
346,184,184,1.0,1.9073486328125e-06,1.1920928955078125e-06,1.1920928955078125e-06,8.221852199999999,16.443704399999998
347,184,184,1.0,1.1920928955078125e-06,9.5367431640625e-07,1.1920928955078125e-06,9.04039,18.08078
348,184,184,1.0,2.0503997802734375e-05,2.1457672119140625e-06,1.1920928955078125e-06,8.2506901,16.5013802
349,184,184,1.0,1.6689300537109375e-06,1.430511474609375e-06,1.5020370483398438e-05,8.4337909,16.8675818
350,184,184,1.0,1.430511474609375e-06,9.5367431640625e-07,1.430511474609375e-06,8.6000321,17.2000642
351,184,184,1.0,1.9073486328125e-06,1.1920928955078125e-06,1.1920928955078125e-06,9.249398,18.498796
352,184,184,1.0,1.1920928955078125e-06,9.5367431640625e-07,9.5367431640625e-07,9.3068774,18.6137548
353,184,184,1.0,1.9073486328125e-06,9.5367431640625e-07,1.1920928955078125e-06,7.4536159,14.9072318
354,184,184,1.0,1.6689300537109375e-06,9.5367431640625e-07,1.1920928955078125e-06,8.713647100000001,17.427294200000002
355,184,184,1.0,1.1920928955078125e-06,1.1920928955078125e-06,9.5367431640625e-07,8.6006129,17.2012258
356,184,184,1.0,1.6689300537109375e-06,9.5367431640625e-07,1.1920928955078125e-06,12.4011716,24.8023432
357,184,184,1.0,1.6689300537109375e-06,1.1920928955078125e-06,1.430511474609375e-06,12.384298999999999,24.768597999999997
358,184,184,1.0,1.6689300537109375e-06,1.1920928955078125e-06,5.9604644775390625e-06,12.3443147,24.6886294
359,184,184,1.0,1.9073486328125e-06,1.1920928955078125e-06,1.6689300537109375e-06,12.2666241,24.5332482
360,184,184,1.0,2.1457672119140625e-06,1.1920928955078125e-06,1.6689300537109375e-06,12.1287812,24.2575624
361,184,184,1.0,1.1920928955078125e-06,1.1920928955078125e-06,1.1920928955078125e-06,11.973933400000002,23.947866800000003
362,184,184,1.0,1.9073486328125e-06,1.1920928955078125e-06,1.430511474609375e-06,12.2739382,24.5478764
363,184,184,1.0,1.9073486328125e-06,1.1920928955078125e-06,1.430511474609375e-06,11.9868009,23.9736018
364,184,184,1.0,1.430511474609375e-06,1.1920928955078125e-06,1.430511474609375e-06,11.8691698,23.7383396
365,184,184,1.0,1.6689300537109375e-06,1.1920928955078125e-06,1.430511474609375e-06,11.884680699999999,23.769361399999998
366,184,184,1.0,1.6689300537109375e-06,1.1920928955078125e-06,1.1920928955078125e-06,11.6086025,23.217205
367,184,184,1.0,1.6689300537109375e-06,1.430511474609375e-06,6.4373016357421875e-06,9.925768,19.851536
368,184,184,1.0,2.1457672119140625e-06,1.1920928955078125e-06,1.6689300537109375e-06,12.1891172,24.3782344
369,184,184,1.0,1.6689300537109375e-06,9.5367431640625e-07,1.1920928955078125e-06,12.1950068,24.3900136
370,184,184,1.0,1.9073486328125e-06,9.5367431640625e-07,1.1920928955078125e-06,12.3719816,24.7439632
371,184,184,1.0,1.6689300537109375e-06,1.1920928955078125e-06,9.5367431640625e-07,12.212284,24.424568
372,184,184,1.0,1.1920928955078125e-06,9.5367431640625e-07,1.430511474609375e-06,11.9159985,23.831997
373,184,184,1.0,1.6689300537109375e-06,1.1920928955078125e-06,2.384185791015625e-06,12.778262999999999,25.556525999999998
374,184,184,1.0,1.6689300537109375e-06,1.1920928955078125e-06,1.1920928955078125e-06,12.876112000000001,25.752224000000002
375,184,184,1.0,1.430511474609375e-06,1.430511474609375e-06,9.5367431640625e-07,12.654494,25.308988
376,184,184,1.0,1.430511474609375e-06,9.5367431640625e-07,9.5367431640625e-07,12.318128999999999,24.636257999999998
377,184,184,1.0,1.9073486328125e-06,9.5367431640625e-07,1.430511474609375e-06,12.6388649,25.2777298
378,184,184,1.0,1.1920928955078125e-06,9.5367431640625e-07,9.5367431640625e-07,12.771752999999999,25.543505999999997
379,184,184,1.0,1.430511474609375e-06,1.430511474609375e-06,9.5367431640625e-07,12.699667999999999,25.399335999999998
380,184,184,1.0,1.430511474609375e-06,1.1920928955078125e-06,1.1920928955078125e-06,13.323417,26.646834
381,184,184,1.0,1.430511474609375e-06,1.430511474609375e-06,9.5367431640625e-07,12.699895999999999,25.399791999999998
382,184,184,1.0,1.6689300537109375e-06,1.1920928955078125e-06,1.1920928955078125e-06,12.6580342,25.3160684
383,184,184,1.0,1.1920928955078125e-06,9.5367431640625e-07,1.430511474609375e-06,12.6550558,25.3101116
384,184,184,1.0,1.6689300537109375e-06,1.1920928955078125e-06,1.1920928955078125e-06,11.625524,23.251048
385,184,184,1.0,1.430511474609375e-06,9.5367431640625e-07,1.1920928955078125e-06,12.783249000000001,25.566498000000003
386,184,184,1.0,1.9073486328125e-06,1.1920928955078125e-06,1.430511474609375e-06,12.84693,25.69386
387,184,184,1.0,1.430511474609375e-06,1.1920928955078125e-06,9.5367431640625e-07,12.765055,25.53011
388,184,184,1.0,1.6689300537109375e-06,1.1920928955078125e-06,1.1920928955078125e-06,12.533432000000001,25.066864000000002
389,184,184,1.0,1.6689300537109375e-06,9.5367431640625e-07,1.1920928955078125e-06,12.6091984,25.2183968
390,184,184,1.0,1.430511474609375e-06,9.5367431640625e-07,1.430511474609375e-06,12.5214165,25.042833
391,184,184,1.0,1.6689300537109375e-06,9.5367431640625e-07,1.1920928955078125e-06,12.2215185,24.443037
392,184,184,1.0,4.0531158447265625e-06,1.1920928955078125e-06,1.430511474609375e-06,12.669639,25.339278
393,184,184,1.0,1.9073486328125e-06,1.1920928955078125e-06,1.1920928955078125e-06,12.5029196,25.0058392
394,184,184,1.0,1.430511474609375e-06,9.5367431640625e-07,9.5367431640625e-07,12.579719,25.159438
395,184,184,1.0,1.430511474609375e-06,1.1920928955078125e-06,1.1920928955078125e-06,12.5380645,25.076129
396,184,184,1.0,1.430511474609375e-06,9.5367431640625e-07,1.1920928955078125e-06,12.5521685,25.104337
397,184,184,1.0,1.1920928955078125e-06,9.5367431640625e-07,1.430511474609375e-06,12.5596542,25.1193084
398,184,184,1.0,1.6689300537109375e-06,1.1920928955078125e-06,1.1920928955078125e-06,13.017774,26.035548
399,184,184,1.0,1.430511474609375e-06,9.5367431640625e-07,9.5367431640625e-07,11.921919500000001,23.843839000000003
400,184,184,1.0,1.1920928955078125e-06,1.1920928955078125e-06,1.430511474609375e-06,12.852848999999999,25.705697999999998
401,184,184,1.0,1.6689300537109375e-06,1.1920928955078125e-06,1.1920928955078125e-06,12.683663,25.367326
402,184,184,1.0,1.6689300537109375e-06,1.430511474609375e-06,1.1920928955078125e-06,12.4305171,24.8610342
403,184,184,1.0,1.430511474609375e-06,1.430511474609375e-06,9.5367431640625e-07,12.735165,25.47033
404,184,184,1.0,1.1920928955078125e-06,1.1920928955078125e-06,1.430511474609375e-06,12.199005999999999,24.398011999999998
405,184,184,1.0,1.6689300537109375e-06,1.1920928955078125e-06,1.1920928955078125e-06,13.119722,26.239444
406,184,184,1.0,1.430511474609375e-06,1.1920928955078125e-06,9.5367431640625e-07,12.485513000000001,24.971026000000002
407,184,184,1.0,1.430511474609375e-06,9.5367431640625e-07,1.1920928955078125e-06,11.920233000000001,23.840466000000003
408,184,184,1.0,1.6689300537109375e-06,1.430511474609375e-06,1.1920928955078125e-06,11.8231259,23.6462518
409,184,184,1.0,1.9073486328125e-06,1.1920928955078125e-06,1.1920928955078125e-06,10.507928,21.015856
410,184,184,1.0,1.1920928955078125e-06,1.430511474609375e-06,9.5367431640625e-07,8.999127999999999,17.998255999999998
411,184,184,1.0,1.430511474609375e-06,9.5367431640625e-07,1.1920928955078125e-06,9.074022,18.148044
412,184,184,1.0,1.9073486328125e-06,1.1920928955078125e-06,1.1920928955078125e-06,9.170499,18.340998
413,184,184,1.0,1.430511474609375e-06,9.5367431640625e-07,1.430511474609375e-06,10.953472,21.906944
414,184,184,1.0,1.430511474609375e-06,1.1920928955078125e-06,1.1920928955078125e-06,10.061663,20.123326
415,184,184,1.0,1.6689300537109375e-06,1.1920928955078125e-06,1.1920928955078125e-06,9.116323,18.232646
416,184,184,1.0,1.6689300537109375e-06,9.5367431640625e-07,1.1920928955078125e-06,8.865747,17.731494
417,184,184,1.0,1.430511474609375e-06,1.1920928955078125e-06,1.1920928955078125e-06,10.049711,20.099422
418,184,184,1.0,1.6689300537109375e-06,9.5367431640625e-07,1.430511474609375e-06,9.473427000000001,18.946854000000002
419,184,184,1.0,1.1920928955078125e-06,9.5367431640625e-07,1.430511474609375e-06,8.971383,17.942766
420,184,184,1.0,1.6689300537109375e-06,9.5367431640625e-07,1.1920928955078125e-06,11.821453,23.642906
421,184,184,1.0,1.430511474609375e-06,1.1920928955078125e-06,1.1920928955078125e-06,11.749011900000001,23.498023800000002
422,184,184,1.0,1.430511474609375e-06,9.5367431640625e-07,1.430511474609375e-06,11.418114000000001,22.836228000000002
423,184,184,1.0,1.9073486328125e-06,9.5367431640625e-07,1.1920928955078125e-06,8.5499922,17.0999844
424,184,184,1.0,1.1920928955078125e-06,1.1920928955078125e-06,1.1920928955078125e-06,8.3671462,16.7342924
425,184,184,1.0,1.9073486328125e-06,1.1920928955078125e-06,1.1920928955078125e-06,8.801149,17.602298
426,184,184,1.0,1.430511474609375e-06,9.5367431640625e-07,9.5367431640625e-07,8.490058000000001,16.980116000000002
427,184,184,1.0,1.1920928955078125e-06,9.5367431640625e-07,1.430511474609375e-06,8.867458000000001,17.734916000000002
428,184,184,1.0,1.6689300537109375e-06,1.1920928955078125e-06,1.430511474609375e-06,9.4082471,18.8164942
429,184,184,1.0,2.6226043701171875e-06,1.1920928955078125e-06,1.1920928955078125e-06,9.270660900000001,18.541321800000002
430,184,184,1.0,1.9073486328125e-06,9.5367431640625e-07,1.1920928955078125e-06,9.3296683,18.6593366
431,184,184,1.0,1.430511474609375e-06,1.1920928955078125e-06,1.1920928955078125e-06,9.431875,18.86375
432,184,184,1.0,1.6689300537109375e-06,1.1920928955078125e-06,1.430511474609375e-06,9.2873345,18.574669
433,184,184,1.0,1.430511474609375e-06,1.1920928955078125e-06,9.5367431640625e-07,9.4765587,18.9531174
434,184,184,1.0,1.6689300537109375e-06,1.1920928955078125e-06,1.1920928955078125e-06,9.621566,19.243132
435,184,184,1.0,1.430511474609375e-06,3.0994415283203125e-06,1.430511474609375e-06,9.766741,19.533482
436,184,184,1.0,1.430511474609375e-06,1.1920928955078125e-06,9.5367431640625e-07,8.907644000000001,17.815288000000002
437,184,184,1.0,1.6689300537109375e-06,9.5367431640625e-07,1.430511474609375e-06,8.880534,17.761068
438,184,184,1.0,1.6689300537109375e-06,9.5367431640625e-07,1.430511474609375e-06,9.413437,18.826874
439,184,184,1.0,1.6689300537109375e-06,9.5367431640625e-07,1.430511474609375e-06,12.5955483,25.1910966
440,184,184,1.0,1.430511474609375e-06,1.1920928955078125e-06,1.1920928955078125e-06,12.647353,25.294706
441,184,184,1.0,1.430511474609375e-06,1.1920928955078125e-06,1.1920928955078125e-06,12.4991528,24.9983056
442,184,184,1.0,1.430511474609375e-06,1.1920928955078125e-06,1.1920928955078125e-06,12.552101700000001,25.104203400000003
443,184,184,1.0,1.430511474609375e-06,1.1920928955078125e-06,9.5367431640625e-07,12.530499400000002,25.060998800000004
444,184,184,1.0,1.9073486328125e-06,9.5367431640625e-07,1.430511474609375e-06,11.105019,22.210038
445,184,184,1.0,1.430511474609375e-06,1.1920928955078125e-06,9.5367431640625e-07,9.099987,18.199974
446,184,184,1.0,1.6689300537109375e-06,1.1920928955078125e-06,9.5367431640625e-07,11.759410700000002,23.518821400000004
447,184,184,1.0,1.1920928955078125e-06,9.5367431640625e-07,1.430511474609375e-06,12.489738500000001,24.979477000000003
448,184,184,1.0,1.430511474609375e-06,9.5367431640625e-07,9.5367431640625e-07,12.6051869,25.2103738
449,184,184,1.0,1.6689300537109375e-06,1.430511474609375e-06,9.5367431640625e-07,11.6696101,23.3392202
450,184,184,1.0,1.430511474609375e-06,9.5367431640625e-07,9.5367431640625e-07,8.5516332,17.1032664
451,184,184,1.0,1.6689300537109375e-06,9.5367431640625e-07,1.430511474609375e-06,12.1468434,24.2936868
452,184,184,1.0,1.6689300537109375e-06,1.1920928955078125e-06,1.430511474609375e-06,12.369283699999999,24.738567399999997
453,184,184,1.0,1.6689300537109375e-06,1.1920928955078125e-06,1.1920928955078125e-06,12.3901679,24.7803358
454,184,184,1.0,1.6689300537109375e-06,1.1920928955078125e-06,1.430511474609375e-06,8.6724073,17.3448146
455,184,184,1.0,1.9073486328125e-06,1.1920928955078125e-06,1.430511474609375e-06,8.9827617,17.9655234
456,184,184,1.0,1.9073486328125e-06,1.1920928955078125e-06,1.1920928955078125e-06,8.5962843,17.1925686
457,184,184,1.0,1.9073486328125e-06,9.5367431640625e-07,1.430511474609375e-06,8.466687799999999,16.933375599999998
458,184,184,1.0,1.9073486328125e-06,1.5497207641601562e-05,9.5367431640625e-07,11.1798933,22.3597866
459,184,184,1.0,1.9073486328125e-06,1.430511474609375e-06,1.1920928955078125e-06,12.4061267,24.8122534
460,184,184,1.0,1.1920928955078125e-06,9.5367431640625e-07,1.1920928955078125e-06,11.047736299999999,22.095472599999997
461,184,184,1.0,1.6689300537109375e-06,7.152557373046875e-07,1.1920928955078125e-06,12.3612921,24.7225842
462,184,184,1.0,1.9073486328125e-06,9.5367431640625e-07,1.1920928955078125e-06,12.386093200000001,24.772186400000002
463,184,184,1.0,1.6689300537109375e-06,1.430511474609375e-06,9.5367431640625e-07,12.3815875,24.763175
464,184,184,1.0,1.9073486328125e-06,1.430511474609375e-06,9.5367431640625e-07,12.214867199999999,24.429734399999997
465,184,184,1.0,1.430511474609375e-06,1.430511474609375e-06,1.1920928955078125e-06,11.376740999999999,22.753481999999998
466,184,184,1.0,1.430511474609375e-06,9.5367431640625e-07,1.1920928955078125e-06,8.654134800000001,17.308269600000003
467,184,184,1.0,1.6689300537109375e-06,9.5367431640625e-07,1.1920928955078125e-06,11.8895958,23.7791916
468,184,184,1.0,1.1920928955078125e-06,1.1920928955078125e-06,1.1920928955078125e-06,12.111601,24.223202
469,184,184,1.0,1.9073486328125e-06,1.1920928955078125e-06,1.1920928955078125e-06,12.188518,24.377036
470,184,184,1.0,1.9073486328125e-06,1.1920928955078125e-06,1.430511474609375e-06,12.3961919,24.7923838
471,184,184,1.0,1.6689300537109375e-06,9.5367431640625e-07,1.1920928955078125e-06,12.4109871,24.8219742
472,184,184,1.0,1.6689300537109375e-06,9.5367431640625e-07,1.1920928955078125e-06,12.2451218,24.4902436
473,184,184,1.0,1.1920928955078125e-06,9.5367431640625e-07,1.1920928955078125e-06,11.9701379,23.9402758
474,184,184,1.0,1.9073486328125e-06,1.1920928955078125e-06,1.430511474609375e-06,12.1091659,24.2183318
475,184,184,1.0,1.1920928955078125e-06,9.5367431640625e-07,1.1920928955078125e-06,11.6790512,23.3581024
476,184,184,1.0,1.6689300537109375e-06,1.1920928955078125e-06,1.1920928955078125e-06,12.5106471,25.0212942
477,184,184,1.0,1.1920928955078125e-06,1.1920928955078125e-06,1.1920928955078125e-06,12.230321000000002,24.460642000000004
478,184,184,1.0,1.430511474609375e-06,9.5367431640625e-07,9.5367431640625e-07,12.419324999999999,24.838649999999998
479,184,184,1.0,1.6689300537109375e-06,1.430511474609375e-06,9.5367431640625e-07,12.358579,24.717158
480,184,184,1.0,1.6689300537109375e-06,9.5367431640625e-07,1.1920928955078125e-06,12.1666221,24.3332442
481,184,184,1.0,1.430511474609375e-06,9.5367431640625e-07,9.5367431640625e-07,12.2033188,24.4066376
482,184,184,1.0,1.430511474609375e-06,9.5367431640625e-07,1.1920928955078125e-06,12.2432476,24.4864952
483,184,184,1.0,1.6689300537109375e-06,1.1920928955078125e-06,1.1920928955078125e-06,11.8515068,23.7030136
484,184,184,1.0,1.9073486328125e-06,1.1920928955078125e-06,1.1920928955078125e-06,11.6682657,23.3365314
485,184,184,1.0,1.6689300537109375e-06,9.5367431640625e-07,9.5367431640625e-07,11.939603700000001,23.879207400000002
486,184,184,1.0,1.6689300537109375e-06,9.5367431640625e-07,1.430511474609375e-06,12.3169465,24.633893
487,184,184,1.0,1.9073486328125e-06,1.1920928955078125e-06,9.5367431640625e-07,11.9564597,23.9129194
488,184,184,1.0,1.9073486328125e-06,1.1920928955078125e-06,1.1920928955078125e-06,12.767247600000001,25.534495200000002
489,184,184,1.0,1.430511474609375e-06,1.430511474609375e-06,9.5367431640625e-07,12.3712177,24.7424354
490,184,184,1.0,1.430511474609375e-06,1.1920928955078125e-06,1.1920928955078125e-06,12.166820600000001,24.333641200000002
491,184,184,1.0,1.6689300537109375e-06,9.5367431640625e-07,1.430511474609375e-06,12.7838584,25.5677168
492,184,184,1.0,1.1920928955078125e-06,9.5367431640625e-07,1.1920928955078125e-06,12.6540322,25.3080644
493,184,184,1.0,1.9073486328125e-06,9.5367431640625e-07,9.5367431640625e-07,8.9764701,17.9529402
494,184,184,1.0,1.6689300537109375e-06,1.430511474609375e-06,1.1920928955078125e-06,8.8815227,17.7630454
495,184,184,1.0,1.430511474609375e-06,1.1920928955078125e-06,1.1920928955078125e-06,8.7481259,17.4962518
496,184,184,1.0,1.6689300537109375e-06,1.1920928955078125e-06,1.1920928955078125e-06,9.258932,18.517864
497,184,184,1.0,1.430511474609375e-06,9.5367431640625e-07,1.1920928955078125e-06,9.1703008,18.3406016
498,184,184,1.0,1.6689300537109375e-06,9.5367431640625e-07,1.430511474609375e-06,9.102622199999999,18.205244399999998
499,184,184,1.0,1.6689300537109375e-06,9.5367431640625e-07,1.430511474609375e-06,9.1899173,18.3798346
500,184,184,1.0,1.6689300537109375e-06,9.5367431640625e-07,1.6689300537109375e-06,9.2615458,18.5230916
501,184,184,1.0,1.1920928955078125e-06,9.5367431640625e-07,1.1920928955078125e-06,7.8739723,15.7479446
502,184,184,1.0,1.9073486328125e-06,1.1920928955078125e-06,1.1920928955078125e-06,7.9863577,15.9727154
503,184,184,1.0,1.1920928955078125e-06,9.5367431640625e-07,9.5367431640625e-07,8.1024726,16.2049452
504,184,184,1.0,1.430511474609375e-06,1.1920928955078125e-06,1.430511474609375e-06,8.0602549,16.1205098
505,184,184,1.0,1.9073486328125e-06,1.1920928955078125e-06,1.1920928955078125e-06,8.0166541,16.0333082
